feature,importance
BTW,12.92585
S,4.713825
V,3.1704953
a,1.828348
L,1.8055937
b,1.7945508
WA,1.5805824
WS,0.79506856
H,0.7659829
WWR,0.4200579
CTR,0.36494625
DS,0.341678
WN,0.25942898
DN,0.25770164
ITG,0.2356254
ETR,0.17133287
OH,0.16328791
IH,0.15145615
CA,0.13869947
CN,0.13435997
WFR,0.053433776
